<?xml version="1.0" encoding="UTF-8"?>
<mail>
	<send-mail>false</send-mail>
	<smtp-host>your-smtp-host.com</smtp-host>
	<smtp-port>25</smtp-port>
	<smtp-username>username</smtp-username>
	<smtp-password>password</smtp-password>
	
	<retrieve-credential-from-file>false</retrieve-credential-from-file>
	<smtp-credential-file>resources\\settings\\credential.file</smtp-credential-file>
	
	<default-from-email>admin@sreenidhi-gsd.com</default-from-email>
	<default-to-email>you@gmail.com</default-to-email>
	<default-email-subject>Sample Test Automation Email</default-email-subject>
	<email-template>resources\\settings\\email.template</email-template>
	<email-template-message-placeholder>MESSAGE_BODY_SAMPLE</email-template-message-placeholder>
</mail>
